Rohit - rohit@321
Tanmay - tanmay@123
John - john@123
Aryan - aryan@123
Yash - yash@123
Vikas - vikas@321
Akshay - akshay@321